歪み補正準備,232,cvUndistort2のみ,41,重心演算,7,実距離算出,43,全体の時間,362
歪み補正準備,296,cvUndistort2のみ,25,重心演算,7,実距離算出,39,全体の時間,371
歪み補正準備,295,cvUndistort2のみ,35,重心演算,8,実距離算出,52,全体の時間,399
歪み補正準備,459,cvUndistort2のみ,39,重心演算,8,実距離算出,35,全体の時間,545
歪み補正準備,271,cvUndistort2のみ,52,重心演算,7,実距離算出,77,全体の時間,419
歪み補正準備,225,cvUndistort2のみ,45,重心演算,7,実距離算出,34,全体の時間,316
歪み補正準備,371,cvUndistort2のみ,60,重心演算,7,実距離算出,49,全体の時間,490
歪み補正準備,204,cvUndistort2のみ,28,重心演算,12,実距離算出,140,全体の時間,389
歪み補正準備,291,cvUndistort2のみ,49,重心演算,7,実距離算出,83,全体の時間,434
歪み補正準備,395,cvUndistort2のみ,43,重心演算,7,実距離算出,34,全体の時間,483
歪み補正準備,324,cvUndistort2のみ,45,重心演算,8,実距離算出,35,全体の時間,416
歪み補正準備,222,cvUndistort2のみ,76,重心演算,8,実距離算出,109,全体の時間,426
歪み補正準備,221,cvUndistort2のみ,24,重心演算,8,実距離算出,34,全体の時間,292
歪み補正準備,313,cvUndistort2のみ,41,重心演算,10,実距離算出,62,全体の時間,431
歪み補正準備,327,cvUndistort2のみ,30,重心演算,8,実距離算出,50,全体の時間,419
歪み補正準備,172,cvUndistort2のみ,44,重心演算,7,実距離算出,32,全体の時間,273
